{"cameraMode":{"drawMode":0,"name":"Shaded","section":"Shading Mode"},"sceneLighting":false,"audioPlay":false,"sceneViewState":{"showFog":false,"showMaterialUpdate":false,"showSkybox":false,"showFlares":false,"showImageEffects":false,"showParticleSystems":true},"in2DMode":false,"pivot":{"x":-0.05730152130126953,"y":2.5756587982177736,"z":28.326045989990236},"rotation":{"x":0.03552577644586563,"y":0.7083343267440796,"z":-0.035739295184612277,"w":0.7040761709213257},"size":62.907772064208987,"orthographic":false}