{"cameraMode":{"drawMode":0,"name":"Shaded","section":"Shading Mode"},"sceneLighting":false,"audioPlay":false,"sceneViewState":{"showFog":false,"showMaterialUpdate":false,"showSkybox":false,"showFlares":false,"showImageEffects":false,"showParticleSystems":true},"in2DMode":false,"pivot":{"x":-0.05729866027832031,"y":3.598896026611328,"z":-0.26566505432128909},"rotation":{"x":0.03552577644586563,"y":0.7083343267440796,"z":-0.035739295184612277,"w":0.7040761709213257},"size":62.68933868408203,"orthographic":false}