{"cameraMode":{"drawMode":0,"name":"Shaded","section":"Shading Mode"},"sceneLighting":false,"audioPlay":false,"sceneViewState":{"showFog":false,"showMaterialUpdate":false,"showSkybox":false,"showFlares":false,"showImageEffects":false,"showParticleSystems":true},"in2DMode":false,"pivot":{"x":-0.2608114778995514,"y":-0.7021443247795105,"z":-16.703990936279298},"rotation":{"x":0.0016082085203379393,"y":0.9965007305145264,"z":-0.0812058225274086,"w":0.01973416656255722},"size":31.787174224853517,"orthographic":false}