{"cameraMode":{"drawMode":0,"name":"Shaded","section":"Shading Mode"},"sceneLighting":false,"audioPlay":false,"sceneViewState":{"showFog":false,"showMaterialUpdate":false,"showSkybox":false,"showFlares":false,"showImageEffects":false,"showParticleSystems":true},"in2DMode":false,"pivot":{"x":-0.05730152130126953,"y":-2.1111040115356447,"z":56.04368591308594},"rotation":{"x":0.03552577644586563,"y":0.7083343267440796,"z":-0.035739295184612277,"w":0.7040761709213257},"size":62.6893424987793,"orthographic":false}