{"cameraMode":{"drawMode":0,"name":"Shaded","section":"Shading Mode"},"sceneLighting":false,"audioPlay":false,"sceneViewState":{"showFog":false,"showMaterialUpdate":false,"showSkybox":false,"showFlares":false,"showImageEffects":false,"showParticleSystems":true},"in2DMode":false,"pivot":{"x":-0.05730152130126953,"y":3.3361706733703615,"z":12.942556381225586},"rotation":{"x":0.03552577644586563,"y":0.7083343267440796,"z":-0.035739295184612277,"w":0.7040761709213257},"size":62.850341796875,"orthographic":false}