{"cameraMode":{"drawMode":0,"name":"Shaded","section":"Shading Mode"},"sceneLighting":true,"audioPlay":false,"sceneViewState":{"showFog":false,"showMaterialUpdate":false,"showSkybox":false,"showFlares":false,"showImageEffects":false,"showParticleSystems":true},"in2DMode":false,"pivot":{"x":39.81871795654297,"y":-37.54966735839844,"z":46.15632629394531},"rotation":{"x":0.20685109496116639,"y":0.47502774000167849,"z":-0.11595118790864945,"w":0.8474175930023193},"size":120.5431900024414,"orthographic":false}